id,price,form,id_products_foreign,product_id
b639985c-d924-11eb-8906-1b740533ac73,12,DVD,b6397140-d924-11eb-8906-1b740533ac73,1
b639985d-d924-11eb-8906-1b740533ac73,39,Blu-ray,b6397140-d924-11eb-8906-1b740533ac73,1
b639985e-d924-11eb-8906-1b740533ac73,38,4K,b6397140-d924-11eb-8906-1b740533ac73,1
b639985f-d924-11eb-8906-1b740533ac73,30,Prime Video,b6397140-d924-11eb-8906-1b740533ac73,1
b639bf6c-d924-11eb-8906-1b740533ac73,23,DVD,b6399860-d924-11eb-8906-1b740533ac73,2
b639bf6d-d924-11eb-8906-1b740533ac73,23,Blu-ray,b6399860-d924-11eb-8906-1b740533ac73,2
b639bf6e-d924-11eb-8906-1b740533ac73,28,4K,b6399860-d924-11eb-8906-1b740533ac73,2
b639bf6f-d924-11eb-8906-1b740533ac73,20,Prime Video,b6399860-d924-11eb-8906-1b740533ac73,2
b639bf77-d924-11eb-8906-1b740533ac73,34,DVD,b639bf70-d924-11eb-8906-1b740533ac73,3
b639bf78-d924-11eb-8906-1b740533ac73,19,Blu-ray,b639bf70-d924-11eb-8906-1b740533ac73,3
b639bf79-d924-11eb-8906-1b740533ac73,10,4K,b639bf70-d924-11eb-8906-1b740533ac73,3
b639bf7a-d924-11eb-8906-1b740533ac73,31,Prime Video,b639bf70-d924-11eb-8906-1b740533ac73,3
b639bf8b-d924-11eb-8906-1b740533ac73,15,DVD,b639bf7b-d924-11eb-8906-1b740533ac73,4
b639bf8c-d924-11eb-8906-1b740533ac73,39,Blu-ray,b639bf7b-d924-11eb-8906-1b740533ac73,4
b639bf8d-d924-11eb-8906-1b740533ac73,34,4K,b639bf7b-d924-11eb-8906-1b740533ac73,4
b639bf8e-d924-11eb-8906-1b740533ac73,35,Prime Video,b639bf7b-d924-11eb-8906-1b740533ac73,4
b639bf9b-d924-11eb-8906-1b740533ac73,13,DVD,b639bf8f-d924-11eb-8906-1b740533ac73,5
b639bf9c-d924-11eb-8906-1b740533ac73,11,Blu-ray,b639bf8f-d924-11eb-8906-1b740533ac73,5
b639bf9d-d924-11eb-8906-1b740533ac73,26,4K,b639bf8f-d924-11eb-8906-1b740533ac73,5
b639bf9e-d924-11eb-8906-1b740533ac73,14,Prime Video,b639bf8f-d924-11eb-8906-1b740533ac73,5
b639e67f-d924-11eb-8906-1b740533ac73,9,DVD,b639bf9f-d924-11eb-8906-1b740533ac73,6
b639e680-d924-11eb-8906-1b740533ac73,22,Blu-ray,b639bf9f-d924-11eb-8906-1b740533ac73,6
b639e681-d924-11eb-8906-1b740533ac73,5,4K,b639bf9f-d924-11eb-8906-1b740533ac73,6
b639e682-d924-11eb-8906-1b740533ac73,33,Prime Video,b639bf9f-d924-11eb-8906-1b740533ac73,6
b639e697-d924-11eb-8906-1b740533ac73,9,DVD,b639e683-d924-11eb-8906-1b740533ac73,7
b639e698-d924-11eb-8906-1b740533ac73,28,Blu-ray,b639e683-d924-11eb-8906-1b740533ac73,7
b639e699-d924-11eb-8906-1b740533ac73,12,4K,b639e683-d924-11eb-8906-1b740533ac73,7
b639e69a-d924-11eb-8906-1b740533ac73,11,Prime Video,b639e683-d924-11eb-8906-1b740533ac73,7
b639e69e-d924-11eb-8906-1b740533ac73,24,DVD,b639e69b-d924-11eb-8906-1b740533ac73,8
b639e69f-d924-11eb-8906-1b740533ac73,17,Blu-ray,b639e69b-d924-11eb-8906-1b740533ac73,8
b639e6a0-d924-11eb-8906-1b740533ac73,44,4K,b639e69b-d924-11eb-8906-1b740533ac73,8
b639e6a1-d924-11eb-8906-1b740533ac73,10,Prime Video,b639e69b-d924-11eb-8906-1b740533ac73,8
b639e6a6-d924-11eb-8906-1b740533ac73,17,DVD,b639e6a2-d924-11eb-8906-1b740533ac73,9
b639e6a7-d924-11eb-8906-1b740533ac73,42,Blu-ray,b639e6a2-d924-11eb-8906-1b740533ac73,9
b639e6a8-d924-11eb-8906-1b740533ac73,13,4K,b639e6a2-d924-11eb-8906-1b740533ac73,9
b639e6a9-d924-11eb-8906-1b740533ac73,31,Prime Video,b639e6a2-d924-11eb-8906-1b740533ac73,9
b639e6ab-d924-11eb-8906-1b740533ac73,14,DVD,b639e6aa-d924-11eb-8906-1b740533ac73,10
b639e6ac-d924-11eb-8906-1b740533ac73,17,Blu-ray,b639e6aa-d924-11eb-8906-1b740533ac73,10
b639e6ad-d924-11eb-8906-1b740533ac73,20,4K,b639e6aa-d924-11eb-8906-1b740533ac73,10
b639e6ae-d924-11eb-8906-1b740533ac73,23,Prime Video,b639e6aa-d924-11eb-8906-1b740533ac73,10
b63a0d8a-d924-11eb-8906-1b740533ac73,6,DVD,b639e6af-d924-11eb-8906-1b740533ac73,11
b63a0d8b-d924-11eb-8906-1b740533ac73,41,Blu-ray,b639e6af-d924-11eb-8906-1b740533ac73,11
b63a0d8c-d924-11eb-8906-1b740533ac73,35,4K,b639e6af-d924-11eb-8906-1b740533ac73,11
b63a0d8d-d924-11eb-8906-1b740533ac73,29,Prime Video,b639e6af-d924-11eb-8906-1b740533ac73,11
b63a0d94-d924-11eb-8906-1b740533ac73,38,DVD,b63a0d8e-d924-11eb-8906-1b740533ac73,12
b63a0d95-d924-11eb-8906-1b740533ac73,37,Blu-ray,b63a0d8e-d924-11eb-8906-1b740533ac73,12
b63a0d96-d924-11eb-8906-1b740533ac73,38,4K,b63a0d8e-d924-11eb-8906-1b740533ac73,12
b63a0d97-d924-11eb-8906-1b740533ac73,30,Prime Video,b63a0d8e-d924-11eb-8906-1b740533ac73,12
b63a0d9b-d924-11eb-8906-1b740533ac73,5,DVD,b63a0d98-d924-11eb-8906-1b740533ac73,13
b63a0d9c-d924-11eb-8906-1b740533ac73,34,Blu-ray,b63a0d98-d924-11eb-8906-1b740533ac73,13
b63a0d9d-d924-11eb-8906-1b740533ac73,14,4K,b63a0d98-d924-11eb-8906-1b740533ac73,13
b63a0d9e-d924-11eb-8906-1b740533ac73,23,Prime Video,b63a0d98-d924-11eb-8906-1b740533ac73,13
b63a0db2-d924-11eb-8906-1b740533ac73,23,DVD,b63a0d9f-d924-11eb-8906-1b740533ac73,14
b63a0db3-d924-11eb-8906-1b740533ac73,9,Blu-ray,b63a0d9f-d924-11eb-8906-1b740533ac73,14
b63a0db4-d924-11eb-8906-1b740533ac73,7,4K,b63a0d9f-d924-11eb-8906-1b740533ac73,14
b63a0db5-d924-11eb-8906-1b740533ac73,39,Prime Video,b63a0d9f-d924-11eb-8906-1b740533ac73,14
b63a0db9-d924-11eb-8906-1b740533ac73,33,DVD,b63a0db6-d924-11eb-8906-1b740533ac73,15
b63a0dba-d924-11eb-8906-1b740533ac73,24,Blu-ray,b63a0db6-d924-11eb-8906-1b740533ac73,15
b63a0dbb-d924-11eb-8906-1b740533ac73,27,4K,b63a0db6-d924-11eb-8906-1b740533ac73,15
b63a0dbc-d924-11eb-8906-1b740533ac73,25,Prime Video,b63a0db6-d924-11eb-8906-1b740533ac73,15
b63a3496-d924-11eb-8906-1b740533ac73,18,DVD,b63a0dbd-d924-11eb-8906-1b740533ac73,16
b63a3497-d924-11eb-8906-1b740533ac73,12,Blu-ray,b63a0dbd-d924-11eb-8906-1b740533ac73,16
b63a3498-d924-11eb-8906-1b740533ac73,11,4K,b63a0dbd-d924-11eb-8906-1b740533ac73,16
b63a3499-d924-11eb-8906-1b740533ac73,19,Prime Video,b63a0dbd-d924-11eb-8906-1b740533ac73,16
b63a34a4-d924-11eb-8906-1b740533ac73,14,DVD,b63a349a-d924-11eb-8906-1b740533ac73,17
b63a34a5-d924-11eb-8906-1b740533ac73,37,Blu-ray,b63a349a-d924-11eb-8906-1b740533ac73,17
b63a34a6-d924-11eb-8906-1b740533ac73,39,4K,b63a349a-d924-11eb-8906-1b740533ac73,17
b63a34a7-d924-11eb-8906-1b740533ac73,19,Prime Video,b63a349a-d924-11eb-8906-1b740533ac73,17
b63a34ac-d924-11eb-8906-1b740533ac73,16,DVD,b63a34a8-d924-11eb-8906-1b740533ac73,18
b63a34ad-d924-11eb-8906-1b740533ac73,30,Blu-ray,b63a34a8-d924-11eb-8906-1b740533ac73,18
b63a34ae-d924-11eb-8906-1b740533ac73,7,4K,b63a34a8-d924-11eb-8906-1b740533ac73,18
b63a34af-d924-11eb-8906-1b740533ac73,35,Prime Video,b63a34a8-d924-11eb-8906-1b740533ac73,18
b63a34b9-d924-11eb-8906-1b740533ac73,33,DVD,b63a34b0-d924-11eb-8906-1b740533ac73,19
b63a34ba-d924-11eb-8906-1b740533ac73,8,Blu-ray,b63a34b0-d924-11eb-8906-1b740533ac73,19
b63a34bb-d924-11eb-8906-1b740533ac73,7,4K,b63a34b0-d924-11eb-8906-1b740533ac73,19
b63a34bc-d924-11eb-8906-1b740533ac73,8,Prime Video,b63a34b0-d924-11eb-8906-1b740533ac73,19
b63a34ca-d924-11eb-8906-1b740533ac73,28,DVD,b63a34bd-d924-11eb-8906-1b740533ac73,20
b63a34cb-d924-11eb-8906-1b740533ac73,19,Blu-ray,b63a34bd-d924-11eb-8906-1b740533ac73,20
b63a34cc-d924-11eb-8906-1b740533ac73,29,4K,b63a34bd-d924-11eb-8906-1b740533ac73,20
b63a34cd-d924-11eb-8906-1b740533ac73,30,Prime Video,b63a34bd-d924-11eb-8906-1b740533ac73,20
b63a34cf-d924-11eb-8906-1b740533ac73,35,DVD,b63a34ce-d924-11eb-8906-1b740533ac73,21
b63a34d0-d924-11eb-8906-1b740533ac73,19,Blu-ray,b63a34ce-d924-11eb-8906-1b740533ac73,21
b63a34d1-d924-11eb-8906-1b740533ac73,34,4K,b63a34ce-d924-11eb-8906-1b740533ac73,21
b63a34d2-d924-11eb-8906-1b740533ac73,37,Prime Video,b63a34ce-d924-11eb-8906-1b740533ac73,21
b63a5ba7-d924-11eb-8906-1b740533ac73,37,DVD,b63a34d3-d924-11eb-8906-1b740533ac73,22
b63a5ba8-d924-11eb-8906-1b740533ac73,25,Blu-ray,b63a34d3-d924-11eb-8906-1b740533ac73,22
b63a5ba9-d924-11eb-8906-1b740533ac73,35,4K,b63a34d3-d924-11eb-8906-1b740533ac73,22
b63a5baa-d924-11eb-8906-1b740533ac73,42,Prime Video,b63a34d3-d924-11eb-8906-1b740533ac73,22
b63a5bb4-d924-11eb-8906-1b740533ac73,9,DVD,b63a5bab-d924-11eb-8906-1b740533ac73,23
b63a5bb5-d924-11eb-8906-1b740533ac73,7,Blu-ray,b63a5bab-d924-11eb-8906-1b740533ac73,23
b63a5bb6-d924-11eb-8906-1b740533ac73,12,4K,b63a5bab-d924-11eb-8906-1b740533ac73,23
b63a5bb7-d924-11eb-8906-1b740533ac73,28,Prime Video,b63a5bab-d924-11eb-8906-1b740533ac73,23
b63a5bbd-d924-11eb-8906-1b740533ac73,8,DVD,b63a5bb8-d924-11eb-8906-1b740533ac73,24
b63a5bbe-d924-11eb-8906-1b740533ac73,32,Blu-ray,b63a5bb8-d924-11eb-8906-1b740533ac73,24
b63a5bbf-d924-11eb-8906-1b740533ac73,36,4K,b63a5bb8-d924-11eb-8906-1b740533ac73,24
b63a5bc0-d924-11eb-8906-1b740533ac73,9,Prime Video,b63a5bb8-d924-11eb-8906-1b740533ac73,24
b63a5bce-d924-11eb-8906-1b740533ac73,29,DVD,b63a5bc1-d924-11eb-8906-1b740533ac73,25
b63a5bcf-d924-11eb-8906-1b740533ac73,20,Blu-ray,b63a5bc1-d924-11eb-8906-1b740533ac73,25
b63a5bd0-d924-11eb-8906-1b740533ac73,37,4K,b63a5bc1-d924-11eb-8906-1b740533ac73,25
b63a5bd1-d924-11eb-8906-1b740533ac73,27,Prime Video,b63a5bc1-d924-11eb-8906-1b740533ac73,25
b63a5bda-d924-11eb-8906-1b740533ac73,31,DVD,b63a5bd2-d924-11eb-8906-1b740533ac73,26
b63a5bdb-d924-11eb-8906-1b740533ac73,18,Blu-ray,b63a5bd2-d924-11eb-8906-1b740533ac73,26
b63a5bdc-d924-11eb-8906-1b740533ac73,17,4K,b63a5bd2-d924-11eb-8906-1b740533ac73,26
b63a5bdd-d924-11eb-8906-1b740533ac73,14,Prime Video,b63a5bd2-d924-11eb-8906-1b740533ac73,26
b63a82bc-d924-11eb-8906-1b740533ac73,20,DVD,b63a5bde-d924-11eb-8906-1b740533ac73,27
b63a82bd-d924-11eb-8906-1b740533ac73,37,Blu-ray,b63a5bde-d924-11eb-8906-1b740533ac73,27
b63a82be-d924-11eb-8906-1b740533ac73,44,4K,b63a5bde-d924-11eb-8906-1b740533ac73,27
b63a82bf-d924-11eb-8906-1b740533ac73,40,Prime Video,b63a5bde-d924-11eb-8906-1b740533ac73,27
b63a82c3-d924-11eb-8906-1b740533ac73,5,DVD,b63a82c0-d924-11eb-8906-1b740533ac73,28
b63a82c4-d924-11eb-8906-1b740533ac73,35,Blu-ray,b63a82c0-d924-11eb-8906-1b740533ac73,28
b63a82c5-d924-11eb-8906-1b740533ac73,35,4K,b63a82c0-d924-11eb-8906-1b740533ac73,28
b63a82c6-d924-11eb-8906-1b740533ac73,14,Prime Video,b63a82c0-d924-11eb-8906-1b740533ac73,28
b63a82cb-d924-11eb-8906-1b740533ac73,39,DVD,b63a82c7-d924-11eb-8906-1b740533ac73,29
b63a82cc-d924-11eb-8906-1b740533ac73,28,Blu-ray,b63a82c7-d924-11eb-8906-1b740533ac73,29
b63a82cd-d924-11eb-8906-1b740533ac73,40,4K,b63a82c7-d924-11eb-8906-1b740533ac73,29
b63a82ce-d924-11eb-8906-1b740533ac73,34,Prime Video,b63a82c7-d924-11eb-8906-1b740533ac73,29
b63a82d7-d924-11eb-8906-1b740533ac73,23,DVD,b63a82cf-d924-11eb-8906-1b740533ac73,30
b63a82d8-d924-11eb-8906-1b740533ac73,7,Blu-ray,b63a82cf-d924-11eb-8906-1b740533ac73,30
b63a82d9-d924-11eb-8906-1b740533ac73,24,4K,b63a82cf-d924-11eb-8906-1b740533ac73,30
b63a82da-d924-11eb-8906-1b740533ac73,16,Prime Video,b63a82cf-d924-11eb-8906-1b740533ac73,30
b63a82ee-d924-11eb-8906-1b740533ac73,44,DVD,b63a82db-d924-11eb-8906-1b740533ac73,31
b63a82ef-d924-11eb-8906-1b740533ac73,21,Blu-ray,b63a82db-d924-11eb-8906-1b740533ac73,31
b63a82f0-d924-11eb-8906-1b740533ac73,42,4K,b63a82db-d924-11eb-8906-1b740533ac73,31
b63a82f1-d924-11eb-8906-1b740533ac73,7,Prime Video,b63a82db-d924-11eb-8906-1b740533ac73,31
b63aa9ca-d924-11eb-8906-1b740533ac73,32,DVD,b63a82f2-d924-11eb-8906-1b740533ac73,32
b63aa9cb-d924-11eb-8906-1b740533ac73,9,Blu-ray,b63a82f2-d924-11eb-8906-1b740533ac73,32
b63aa9cc-d924-11eb-8906-1b740533ac73,37,4K,b63a82f2-d924-11eb-8906-1b740533ac73,32
b63aa9cd-d924-11eb-8906-1b740533ac73,20,Prime Video,b63a82f2-d924-11eb-8906-1b740533ac73,32
b63aa9d5-d924-11eb-8906-1b740533ac73,21,DVD,b63aa9ce-d924-11eb-8906-1b740533ac73,33
b63aa9d6-d924-11eb-8906-1b740533ac73,36,Blu-ray,b63aa9ce-d924-11eb-8906-1b740533ac73,33
b63aa9d7-d924-11eb-8906-1b740533ac73,22,4K,b63aa9ce-d924-11eb-8906-1b740533ac73,33
b63aa9d8-d924-11eb-8906-1b740533ac73,44,Prime Video,b63aa9ce-d924-11eb-8906-1b740533ac73,33
b63aa9dd-d924-11eb-8906-1b740533ac73,6,DVD,b63aa9d9-d924-11eb-8906-1b740533ac73,34
b63aa9de-d924-11eb-8906-1b740533ac73,34,Blu-ray,b63aa9d9-d924-11eb-8906-1b740533ac73,34
b63aa9df-d924-11eb-8906-1b740533ac73,14,4K,b63aa9d9-d924-11eb-8906-1b740533ac73,34
b63aa9e0-d924-11eb-8906-1b740533ac73,35,Prime Video,b63aa9d9-d924-11eb-8906-1b740533ac73,34
b63aa9ec-d924-11eb-8906-1b740533ac73,8,DVD,b63aa9e1-d924-11eb-8906-1b740533ac73,35
b63aa9ed-d924-11eb-8906-1b740533ac73,39,Blu-ray,b63aa9e1-d924-11eb-8906-1b740533ac73,35
b63aa9ee-d924-11eb-8906-1b740533ac73,15,4K,b63aa9e1-d924-11eb-8906-1b740533ac73,35
b63aa9ef-d924-11eb-8906-1b740533ac73,18,Prime Video,b63aa9e1-d924-11eb-8906-1b740533ac73,35
b63aa9ff-d924-11eb-8906-1b740533ac73,8,DVD,b63aa9f0-d924-11eb-8906-1b740533ac73,36
b63aaa00-d924-11eb-8906-1b740533ac73,20,Blu-ray,b63aa9f0-d924-11eb-8906-1b740533ac73,36
b63ad0d0-d924-11eb-8906-1b740533ac73,41,4K,b63aa9f0-d924-11eb-8906-1b740533ac73,36
b63ad0d1-d924-11eb-8906-1b740533ac73,16,Prime Video,b63aa9f0-d924-11eb-8906-1b740533ac73,36
b63ad0dd-d924-11eb-8906-1b740533ac73,25,DVD,b63ad0d2-d924-11eb-8906-1b740533ac73,37
b63ad0de-d924-11eb-8906-1b740533ac73,7,Blu-ray,b63ad0d2-d924-11eb-8906-1b740533ac73,37
b63ad0df-d924-11eb-8906-1b740533ac73,27,4K,b63ad0d2-d924-11eb-8906-1b740533ac73,37
b63ad0e0-d924-11eb-8906-1b740533ac73,21,Prime Video,b63ad0d2-d924-11eb-8906-1b740533ac73,37
b63af7eb-d924-11eb-8906-1b740533ac73,41,DVD,b63ad0e1-d924-11eb-8906-1b740533ac73,38
b63af7ec-d924-11eb-8906-1b740533ac73,34,Blu-ray,b63ad0e1-d924-11eb-8906-1b740533ac73,38
b63af7ed-d924-11eb-8906-1b740533ac73,13,4K,b63ad0e1-d924-11eb-8906-1b740533ac73,38
b63af7ee-d924-11eb-8906-1b740533ac73,17,Prime Video,b63ad0e1-d924-11eb-8906-1b740533ac73,38
b63af7f7-d924-11eb-8906-1b740533ac73,19,DVD,b63af7ef-d924-11eb-8906-1b740533ac73,39
b63af7f8-d924-11eb-8906-1b740533ac73,43,Blu-ray,b63af7ef-d924-11eb-8906-1b740533ac73,39
b63af7f9-d924-11eb-8906-1b740533ac73,25,4K,b63af7ef-d924-11eb-8906-1b740533ac73,39
b63af7fa-d924-11eb-8906-1b740533ac73,17,Prime Video,b63af7ef-d924-11eb-8906-1b740533ac73,39
b63af801-d924-11eb-8906-1b740533ac73,13,DVD,b63af7fb-d924-11eb-8906-1b740533ac73,40
b63af802-d924-11eb-8906-1b740533ac73,16,Blu-ray,b63af7fb-d924-11eb-8906-1b740533ac73,40
b63af803-d924-11eb-8906-1b740533ac73,42,4K,b63af7fb-d924-11eb-8906-1b740533ac73,40
b63af804-d924-11eb-8906-1b740533ac73,13,Prime Video,b63af7fb-d924-11eb-8906-1b740533ac73,40
b63af813-d924-11eb-8906-1b740533ac73,36,DVD,b63af805-d924-11eb-8906-1b740533ac73,41
b63af814-d924-11eb-8906-1b740533ac73,41,Blu-ray,b63af805-d924-11eb-8906-1b740533ac73,41
b63af815-d924-11eb-8906-1b740533ac73,22,4K,b63af805-d924-11eb-8906-1b740533ac73,41
b63af816-d924-11eb-8906-1b740533ac73,41,Prime Video,b63af805-d924-11eb-8906-1b740533ac73,41
b63af81e-d924-11eb-8906-1b740533ac73,17,DVD,b63af817-d924-11eb-8906-1b740533ac73,42
b63af81f-d924-11eb-8906-1b740533ac73,31,Blu-ray,b63af817-d924-11eb-8906-1b740533ac73,42
b63af820-d924-11eb-8906-1b740533ac73,10,4K,b63af817-d924-11eb-8906-1b740533ac73,42
b63af821-d924-11eb-8906-1b740533ac73,9,Prime Video,b63af817-d924-11eb-8906-1b740533ac73,42
b63b1ef1-d924-11eb-8906-1b740533ac73,17,DVD,b63af822-d924-11eb-8906-1b740533ac73,43
b63b1ef2-d924-11eb-8906-1b740533ac73,12,Blu-ray,b63af822-d924-11eb-8906-1b740533ac73,43
b63b1ef3-d924-11eb-8906-1b740533ac73,19,4K,b63af822-d924-11eb-8906-1b740533ac73,43
b63b1ef4-d924-11eb-8906-1b740533ac73,36,Prime Video,b63af822-d924-11eb-8906-1b740533ac73,43
b63b1efb-d924-11eb-8906-1b740533ac73,21,DVD,b63b1ef5-d924-11eb-8906-1b740533ac73,44
b63b1efc-d924-11eb-8906-1b740533ac73,24,Blu-ray,b63b1ef5-d924-11eb-8906-1b740533ac73,44
b63b1efd-d924-11eb-8906-1b740533ac73,33,4K,b63b1ef5-d924-11eb-8906-1b740533ac73,44
b63b1efe-d924-11eb-8906-1b740533ac73,43,Prime Video,b63b1ef5-d924-11eb-8906-1b740533ac73,44
b63b1f08-d924-11eb-8906-1b740533ac73,39,DVD,b63b1eff-d924-11eb-8906-1b740533ac73,45
b63b1f09-d924-11eb-8906-1b740533ac73,37,Blu-ray,b63b1eff-d924-11eb-8906-1b740533ac73,45
b63b1f0a-d924-11eb-8906-1b740533ac73,9,4K,b63b1eff-d924-11eb-8906-1b740533ac73,45
b63b1f0b-d924-11eb-8906-1b740533ac73,14,Prime Video,b63b1eff-d924-11eb-8906-1b740533ac73,45
b63b1f0e-d924-11eb-8906-1b740533ac73,26,DVD,b63b1f0c-d924-11eb-8906-1b740533ac73,46
b63b1f0f-d924-11eb-8906-1b740533ac73,35,Blu-ray,b63b1f0c-d924-11eb-8906-1b740533ac73,46
b63b1f10-d924-11eb-8906-1b740533ac73,22,4K,b63b1f0c-d924-11eb-8906-1b740533ac73,46
b63b1f11-d924-11eb-8906-1b740533ac73,25,Prime Video,b63b1f0c-d924-11eb-8906-1b740533ac73,46
b63b4603-d924-11eb-8906-1b740533ac73,43,DVD,b63b1f12-d924-11eb-8906-1b740533ac73,47
b63b4604-d924-11eb-8906-1b740533ac73,29,Blu-ray,b63b1f12-d924-11eb-8906-1b740533ac73,47
b63b4605-d924-11eb-8906-1b740533ac73,23,4K,b63b1f12-d924-11eb-8906-1b740533ac73,47
b63b4606-d924-11eb-8906-1b740533ac73,40,Prime Video,b63b1f12-d924-11eb-8906-1b740533ac73,47
b63b4608-d924-11eb-8906-1b740533ac73,30,DVD,b63b4607-d924-11eb-8906-1b740533ac73,48
b63b4609-d924-11eb-8906-1b740533ac73,36,Blu-ray,b63b4607-d924-11eb-8906-1b740533ac73,48
b63b460a-d924-11eb-8906-1b740533ac73,38,4K,b63b4607-d924-11eb-8906-1b740533ac73,48
b63b460b-d924-11eb-8906-1b740533ac73,18,Prime Video,b63b4607-d924-11eb-8906-1b740533ac73,48
b63b6d22-d924-11eb-8906-1b740533ac73,13,DVD,b63b460c-d924-11eb-8906-1b740533ac73,49
b63b6d23-d924-11eb-8906-1b740533ac73,7,Blu-ray,b63b460c-d924-11eb-8906-1b740533ac73,49
b63b6d24-d924-11eb-8906-1b740533ac73,42,4K,b63b460c-d924-11eb-8906-1b740533ac73,49
b63b6d25-d924-11eb-8906-1b740533ac73,10,Prime Video,b63b460c-d924-11eb-8906-1b740533ac73,49
b63b6d36-d924-11eb-8906-1b740533ac73,17,DVD,b63b6d26-d924-11eb-8906-1b740533ac73,50
b63b6d37-d924-11eb-8906-1b740533ac73,43,Blu-ray,b63b6d26-d924-11eb-8906-1b740533ac73,50
b63b6d38-d924-11eb-8906-1b740533ac73,33,4K,b63b6d26-d924-11eb-8906-1b740533ac73,50
b63b6d39-d924-11eb-8906-1b740533ac73,42,Prime Video,b63b6d26-d924-11eb-8906-1b740533ac73,50
b63b6d44-d924-11eb-8906-1b740533ac73,12,DVD,b63b6d3a-d924-11eb-8906-1b740533ac73,51
b63b6d45-d924-11eb-8906-1b740533ac73,5,Blu-ray,b63b6d3a-d924-11eb-8906-1b740533ac73,51
b63b6d46-d924-11eb-8906-1b740533ac73,44,4K,b63b6d3a-d924-11eb-8906-1b740533ac73,51
b63b6d47-d924-11eb-8906-1b740533ac73,44,Prime Video,b63b6d3a-d924-11eb-8906-1b740533ac73,51
b63b6d49-d924-11eb-8906-1b740533ac73,5,DVD,b63b6d48-d924-11eb-8906-1b740533ac73,52
b63b6d4a-d924-11eb-8906-1b740533ac73,20,Blu-ray,b63b6d48-d924-11eb-8906-1b740533ac73,52
b63b6d4b-d924-11eb-8906-1b740533ac73,22,4K,b63b6d48-d924-11eb-8906-1b740533ac73,52
b63b6d4c-d924-11eb-8906-1b740533ac73,42,Prime Video,b63b6d48-d924-11eb-8906-1b740533ac73,52
b63b9422-d924-11eb-8906-1b740533ac73,21,DVD,b63b6d4d-d924-11eb-8906-1b740533ac73,53
b63b9423-d924-11eb-8906-1b740533ac73,5,Blu-ray,b63b6d4d-d924-11eb-8906-1b740533ac73,53
b63b9424-d924-11eb-8906-1b740533ac73,12,4K,b63b6d4d-d924-11eb-8906-1b740533ac73,53
b63b9425-d924-11eb-8906-1b740533ac73,37,Prime Video,b63b6d4d-d924-11eb-8906-1b740533ac73,53
b63b942b-d924-11eb-8906-1b740533ac73,15,DVD,b63b9426-d924-11eb-8906-1b740533ac73,54
b63b942c-d924-11eb-8906-1b740533ac73,36,Blu-ray,b63b9426-d924-11eb-8906-1b740533ac73,54
b63b942d-d924-11eb-8906-1b740533ac73,31,4K,b63b9426-d924-11eb-8906-1b740533ac73,54
b63b942e-d924-11eb-8906-1b740533ac73,33,Prime Video,b63b9426-d924-11eb-8906-1b740533ac73,54
b63b943f-d924-11eb-8906-1b740533ac73,9,DVD,b63b942f-d924-11eb-8906-1b740533ac73,55
b63b9440-d924-11eb-8906-1b740533ac73,24,Blu-ray,b63b942f-d924-11eb-8906-1b740533ac73,55
b63b9441-d924-11eb-8906-1b740533ac73,17,4K,b63b942f-d924-11eb-8906-1b740533ac73,55
b63b9442-d924-11eb-8906-1b740533ac73,27,Prime Video,b63b942f-d924-11eb-8906-1b740533ac73,55
b63bbb35-d924-11eb-8906-1b740533ac73,32,DVD,b63b9443-d924-11eb-8906-1b740533ac73,56
b63bbb36-d924-11eb-8906-1b740533ac73,40,Blu-ray,b63b9443-d924-11eb-8906-1b740533ac73,56
b63bbb37-d924-11eb-8906-1b740533ac73,11,4K,b63b9443-d924-11eb-8906-1b740533ac73,56
b63bbb38-d924-11eb-8906-1b740533ac73,5,Prime Video,b63b9443-d924-11eb-8906-1b740533ac73,56
b63bbb3d-d924-11eb-8906-1b740533ac73,29,DVD,b63bbb39-d924-11eb-8906-1b740533ac73,57
b63bbb3e-d924-11eb-8906-1b740533ac73,28,Blu-ray,b63bbb39-d924-11eb-8906-1b740533ac73,57
b63bbb3f-d924-11eb-8906-1b740533ac73,38,4K,b63bbb39-d924-11eb-8906-1b740533ac73,57
b63bbb40-d924-11eb-8906-1b740533ac73,16,Prime Video,b63bbb39-d924-11eb-8906-1b740533ac73,57
b63bbb4b-d924-11eb-8906-1b740533ac73,16,DVD,b63bbb41-d924-11eb-8906-1b740533ac73,58
b63bbb4c-d924-11eb-8906-1b740533ac73,36,Blu-ray,b63bbb41-d924-11eb-8906-1b740533ac73,58
b63bbb4d-d924-11eb-8906-1b740533ac73,33,4K,b63bbb41-d924-11eb-8906-1b740533ac73,58
b63bbb4e-d924-11eb-8906-1b740533ac73,22,Prime Video,b63bbb41-d924-11eb-8906-1b740533ac73,58
b63bbb5a-d924-11eb-8906-1b740533ac73,37,DVD,b63bbb4f-d924-11eb-8906-1b740533ac73,59
b63bbb5b-d924-11eb-8906-1b740533ac73,19,Blu-ray,b63bbb4f-d924-11eb-8906-1b740533ac73,59
b63bbb5c-d924-11eb-8906-1b740533ac73,31,4K,b63bbb4f-d924-11eb-8906-1b740533ac73,59
b63bbb5d-d924-11eb-8906-1b740533ac73,5,Prime Video,b63bbb4f-d924-11eb-8906-1b740533ac73,59
b63be242-d924-11eb-8906-1b740533ac73,22,DVD,b63bbb5e-d924-11eb-8906-1b740533ac73,60
b63be243-d924-11eb-8906-1b740533ac73,20,Blu-ray,b63bbb5e-d924-11eb-8906-1b740533ac73,60
b63be244-d924-11eb-8906-1b740533ac73,35,4K,b63bbb5e-d924-11eb-8906-1b740533ac73,60
b63be245-d924-11eb-8906-1b740533ac73,38,Prime Video,b63bbb5e-d924-11eb-8906-1b740533ac73,60
b63be256-d924-11eb-8906-1b740533ac73,21,DVD,b63be246-d924-11eb-8906-1b740533ac73,61
b63be257-d924-11eb-8906-1b740533ac73,19,Blu-ray,b63be246-d924-11eb-8906-1b740533ac73,61
b63be258-d924-11eb-8906-1b740533ac73,42,4K,b63be246-d924-11eb-8906-1b740533ac73,61
b63be259-d924-11eb-8906-1b740533ac73,17,Prime Video,b63be246-d924-11eb-8906-1b740533ac73,61
b63be25e-d924-11eb-8906-1b740533ac73,7,DVD,b63be25a-d924-11eb-8906-1b740533ac73,62
b63be25f-d924-11eb-8906-1b740533ac73,12,Blu-ray,b63be25a-d924-11eb-8906-1b740533ac73,62
b63be260-d924-11eb-8906-1b740533ac73,5,4K,b63be25a-d924-11eb-8906-1b740533ac73,62
b63be261-d924-11eb-8906-1b740533ac73,18,Prime Video,b63be25a-d924-11eb-8906-1b740533ac73,62
b63be272-d924-11eb-8906-1b740533ac73,39,DVD,b63be262-d924-11eb-8906-1b740533ac73,63
b63be273-d924-11eb-8906-1b740533ac73,15,Blu-ray,b63be262-d924-11eb-8906-1b740533ac73,63
b63be274-d924-11eb-8906-1b740533ac73,43,4K,b63be262-d924-11eb-8906-1b740533ac73,63
b63be275-d924-11eb-8906-1b740533ac73,29,Prime Video,b63be262-d924-11eb-8906-1b740533ac73,63
b63c0959-d924-11eb-8906-1b740533ac73,6,DVD,b63be276-d924-11eb-8906-1b740533ac73,64
b63c095a-d924-11eb-8906-1b740533ac73,41,Blu-ray,b63be276-d924-11eb-8906-1b740533ac73,64
b63c095b-d924-11eb-8906-1b740533ac73,7,4K,b63be276-d924-11eb-8906-1b740533ac73,64
b63c095c-d924-11eb-8906-1b740533ac73,33,Prime Video,b63be276-d924-11eb-8906-1b740533ac73,64
b63c096d-d924-11eb-8906-1b740533ac73,21,DVD,b63c095d-d924-11eb-8906-1b740533ac73,65
b63c096e-d924-11eb-8906-1b740533ac73,19,Blu-ray,b63c095d-d924-11eb-8906-1b740533ac73,65
b63c096f-d924-11eb-8906-1b740533ac73,35,4K,b63c095d-d924-11eb-8906-1b740533ac73,65
b63c0970-d924-11eb-8906-1b740533ac73,43,Prime Video,b63c095d-d924-11eb-8906-1b740533ac73,65
b63c097c-d924-11eb-8906-1b740533ac73,20,DVD,b63c0971-d924-11eb-8906-1b740533ac73,66
b63c097d-d924-11eb-8906-1b740533ac73,8,Blu-ray,b63c0971-d924-11eb-8906-1b740533ac73,66
b63c097e-d924-11eb-8906-1b740533ac73,31,4K,b63c0971-d924-11eb-8906-1b740533ac73,66
b63c097f-d924-11eb-8906-1b740533ac73,13,Prime Video,b63c0971-d924-11eb-8906-1b740533ac73,66
b63c098a-d924-11eb-8906-1b740533ac73,26,DVD,b63c0980-d924-11eb-8906-1b740533ac73,67
b63c098b-d924-11eb-8906-1b740533ac73,33,Blu-ray,b63c0980-d924-11eb-8906-1b740533ac73,67
b63c098c-d924-11eb-8906-1b740533ac73,14,4K,b63c0980-d924-11eb-8906-1b740533ac73,67
b63c098d-d924-11eb-8906-1b740533ac73,27,Prime Video,b63c0980-d924-11eb-8906-1b740533ac73,67
b63c0998-d924-11eb-8906-1b740533ac73,39,DVD,b63c098e-d924-11eb-8906-1b740533ac73,68
b63c0999-d924-11eb-8906-1b740533ac73,11,Blu-ray,b63c098e-d924-11eb-8906-1b740533ac73,68
b63c099a-d924-11eb-8906-1b740533ac73,14,4K,b63c098e-d924-11eb-8906-1b740533ac73,68
b63c099b-d924-11eb-8906-1b740533ac73,40,Prime Video,b63c098e-d924-11eb-8906-1b740533ac73,68
b63c3063-d924-11eb-8906-1b740533ac73,8,DVD,b63c099c-d924-11eb-8906-1b740533ac73,69
b63c3064-d924-11eb-8906-1b740533ac73,35,Blu-ray,b63c099c-d924-11eb-8906-1b740533ac73,69
b63c3065-d924-11eb-8906-1b740533ac73,35,4K,b63c099c-d924-11eb-8906-1b740533ac73,69
b63c3066-d924-11eb-8906-1b740533ac73,21,Prime Video,b63c099c-d924-11eb-8906-1b740533ac73,69
b63c3073-d924-11eb-8906-1b740533ac73,21,DVD,b63c3067-d924-11eb-8906-1b740533ac73,70
b63c3074-d924-11eb-8906-1b740533ac73,12,Blu-ray,b63c3067-d924-11eb-8906-1b740533ac73,70
b63c3075-d924-11eb-8906-1b740533ac73,16,4K,b63c3067-d924-11eb-8906-1b740533ac73,70
b63c3076-d924-11eb-8906-1b740533ac73,31,Prime Video,b63c3067-d924-11eb-8906-1b740533ac73,70
b63c3086-d924-11eb-8906-1b740533ac73,22,DVD,b63c3077-d924-11eb-8906-1b740533ac73,71
b63c3087-d924-11eb-8906-1b740533ac73,38,Blu-ray,b63c3077-d924-11eb-8906-1b740533ac73,71
b63c3088-d924-11eb-8906-1b740533ac73,5,4K,b63c3077-d924-11eb-8906-1b740533ac73,71
b63c3089-d924-11eb-8906-1b740533ac73,9,Prime Video,b63c3077-d924-11eb-8906-1b740533ac73,71
b63c308f-d924-11eb-8906-1b740533ac73,19,DVD,b63c308a-d924-11eb-8906-1b740533ac73,72
b63c3090-d924-11eb-8906-1b740533ac73,39,Blu-ray,b63c308a-d924-11eb-8906-1b740533ac73,72
b63c3091-d924-11eb-8906-1b740533ac73,23,4K,b63c308a-d924-11eb-8906-1b740533ac73,72
b63c3092-d924-11eb-8906-1b740533ac73,16,Prime Video,b63c308a-d924-11eb-8906-1b740533ac73,72
b63c30a1-d924-11eb-8906-1b740533ac73,38,DVD,b63c3093-d924-11eb-8906-1b740533ac73,73
b63c30a2-d924-11eb-8906-1b740533ac73,11,Blu-ray,b63c3093-d924-11eb-8906-1b740533ac73,73
b63c30a3-d924-11eb-8906-1b740533ac73,22,4K,b63c3093-d924-11eb-8906-1b740533ac73,73
b63c30a4-d924-11eb-8906-1b740533ac73,30,Prime Video,b63c3093-d924-11eb-8906-1b740533ac73,73
b63c5772-d924-11eb-8906-1b740533ac73,33,DVD,b63c30a5-d924-11eb-8906-1b740533ac73,74
b63c5773-d924-11eb-8906-1b740533ac73,39,Blu-ray,b63c30a5-d924-11eb-8906-1b740533ac73,74
b63c5774-d924-11eb-8906-1b740533ac73,10,4K,b63c30a5-d924-11eb-8906-1b740533ac73,74
b63c5775-d924-11eb-8906-1b740533ac73,20,Prime Video,b63c30a5-d924-11eb-8906-1b740533ac73,74
b63c5785-d924-11eb-8906-1b740533ac73,23,DVD,b63c5776-d924-11eb-8906-1b740533ac73,75
b63c5786-d924-11eb-8906-1b740533ac73,17,Blu-ray,b63c5776-d924-11eb-8906-1b740533ac73,75
b63c5787-d924-11eb-8906-1b740533ac73,37,4K,b63c5776-d924-11eb-8906-1b740533ac73,75
b63c5788-d924-11eb-8906-1b740533ac73,14,Prime Video,b63c5776-d924-11eb-8906-1b740533ac73,75
b63c578d-d924-11eb-8906-1b740533ac73,30,DVD,b63c5789-d924-11eb-8906-1b740533ac73,76
b63c578e-d924-11eb-8906-1b740533ac73,20,Blu-ray,b63c5789-d924-11eb-8906-1b740533ac73,76
b63c578f-d924-11eb-8906-1b740533ac73,37,4K,b63c5789-d924-11eb-8906-1b740533ac73,76
b63c5790-d924-11eb-8906-1b740533ac73,5,Prime Video,b63c5789-d924-11eb-8906-1b740533ac73,76
b63c5795-d924-11eb-8906-1b740533ac73,9,DVD,b63c5791-d924-11eb-8906-1b740533ac73,77
b63c5796-d924-11eb-8906-1b740533ac73,26,Blu-ray,b63c5791-d924-11eb-8906-1b740533ac73,77
b63c5797-d924-11eb-8906-1b740533ac73,26,4K,b63c5791-d924-11eb-8906-1b740533ac73,77
b63c5798-d924-11eb-8906-1b740533ac73,5,Prime Video,b63c5791-d924-11eb-8906-1b740533ac73,77
b63c57aa-d924-11eb-8906-1b740533ac73,7,DVD,b63c5799-d924-11eb-8906-1b740533ac73,78
b63c57ab-d924-11eb-8906-1b740533ac73,19,Blu-ray,b63c5799-d924-11eb-8906-1b740533ac73,78
b63c57ac-d924-11eb-8906-1b740533ac73,23,4K,b63c5799-d924-11eb-8906-1b740533ac73,78
b63c57ad-d924-11eb-8906-1b740533ac73,35,Prime Video,b63c5799-d924-11eb-8906-1b740533ac73,78
b63c7e8e-d924-11eb-8906-1b740533ac73,12,DVD,b63c57ae-d924-11eb-8906-1b740533ac73,79
b63c7e8f-d924-11eb-8906-1b740533ac73,38,Blu-ray,b63c57ae-d924-11eb-8906-1b740533ac73,79
b63c7e90-d924-11eb-8906-1b740533ac73,26,4K,b63c57ae-d924-11eb-8906-1b740533ac73,79
b63c7e91-d924-11eb-8906-1b740533ac73,22,Prime Video,b63c57ae-d924-11eb-8906-1b740533ac73,79
b63c7ea2-d924-11eb-8906-1b740533ac73,5,DVD,b63c7e92-d924-11eb-8906-1b740533ac73,80
b63c7ea3-d924-11eb-8906-1b740533ac73,11,Blu-ray,b63c7e92-d924-11eb-8906-1b740533ac73,80
b63c7ea4-d924-11eb-8906-1b740533ac73,25,4K,b63c7e92-d924-11eb-8906-1b740533ac73,80
b63c7ea5-d924-11eb-8906-1b740533ac73,35,Prime Video,b63c7e92-d924-11eb-8906-1b740533ac73,80
b63c7eba-d924-11eb-8906-1b740533ac73,23,DVD,b63c7ea6-d924-11eb-8906-1b740533ac73,81
b63c7ebb-d924-11eb-8906-1b740533ac73,18,Blu-ray,b63c7ea6-d924-11eb-8906-1b740533ac73,81
b63c7ebc-d924-11eb-8906-1b740533ac73,43,4K,b63c7ea6-d924-11eb-8906-1b740533ac73,81
b63c7ebd-d924-11eb-8906-1b740533ac73,40,Prime Video,b63c7ea6-d924-11eb-8906-1b740533ac73,81
b63ca59d-d924-11eb-8906-1b740533ac73,19,DVD,b63c7ebe-d924-11eb-8906-1b740533ac73,82
b63ca59e-d924-11eb-8906-1b740533ac73,41,Blu-ray,b63c7ebe-d924-11eb-8906-1b740533ac73,82
b63ca59f-d924-11eb-8906-1b740533ac73,24,4K,b63c7ebe-d924-11eb-8906-1b740533ac73,82
b63ca5a0-d924-11eb-8906-1b740533ac73,36,Prime Video,b63c7ebe-d924-11eb-8906-1b740533ac73,82
b63ca5ab-d924-11eb-8906-1b740533ac73,19,DVD,b63ca5a1-d924-11eb-8906-1b740533ac73,83
b63ca5ac-d924-11eb-8906-1b740533ac73,26,Blu-ray,b63ca5a1-d924-11eb-8906-1b740533ac73,83
b63ca5ad-d924-11eb-8906-1b740533ac73,8,4K,b63ca5a1-d924-11eb-8906-1b740533ac73,83
b63ca5ae-d924-11eb-8906-1b740533ac73,36,Prime Video,b63ca5a1-d924-11eb-8906-1b740533ac73,83
b63ca5bd-d924-11eb-8906-1b740533ac73,26,DVD,b63ca5af-d924-11eb-8906-1b740533ac73,84
b63ca5be-d924-11eb-8906-1b740533ac73,24,Blu-ray,b63ca5af-d924-11eb-8906-1b740533ac73,84
b63ca5bf-d924-11eb-8906-1b740533ac73,43,4K,b63ca5af-d924-11eb-8906-1b740533ac73,84
b63ca5c0-d924-11eb-8906-1b740533ac73,44,Prime Video,b63ca5af-d924-11eb-8906-1b740533ac73,84
b63ca5d1-d924-11eb-8906-1b740533ac73,25,DVD,b63ca5c1-d924-11eb-8906-1b740533ac73,85
b63ca5d2-d924-11eb-8906-1b740533ac73,33,Blu-ray,b63ca5c1-d924-11eb-8906-1b740533ac73,85
b63ca5d3-d924-11eb-8906-1b740533ac73,11,4K,b63ca5c1-d924-11eb-8906-1b740533ac73,85
b63ca5d4-d924-11eb-8906-1b740533ac73,21,Prime Video,b63ca5c1-d924-11eb-8906-1b740533ac73,85
b63cccab-d924-11eb-8906-1b740533ac73,27,DVD,b63ca5d5-d924-11eb-8906-1b740533ac73,86
b63cccac-d924-11eb-8906-1b740533ac73,23,Blu-ray,b63ca5d5-d924-11eb-8906-1b740533ac73,86
b63cccad-d924-11eb-8906-1b740533ac73,5,4K,b63ca5d5-d924-11eb-8906-1b740533ac73,86
b63cccae-d924-11eb-8906-1b740533ac73,18,Prime Video,b63ca5d5-d924-11eb-8906-1b740533ac73,86
b63cccb0-d924-11eb-8906-1b740533ac73,21,DVD,b63cccaf-d924-11eb-8906-1b740533ac73,87
b63cccb1-d924-11eb-8906-1b740533ac73,17,Blu-ray,b63cccaf-d924-11eb-8906-1b740533ac73,87
b63cccb2-d924-11eb-8906-1b740533ac73,24,4K,b63cccaf-d924-11eb-8906-1b740533ac73,87
b63cccb3-d924-11eb-8906-1b740533ac73,33,Prime Video,b63cccaf-d924-11eb-8906-1b740533ac73,87
b63cccc1-d924-11eb-8906-1b740533ac73,40,DVD,b63cccb4-d924-11eb-8906-1b740533ac73,88
b63cccc2-d924-11eb-8906-1b740533ac73,7,Blu-ray,b63cccb4-d924-11eb-8906-1b740533ac73,88
b63cccc3-d924-11eb-8906-1b740533ac73,23,4K,b63cccb4-d924-11eb-8906-1b740533ac73,88
b63cccc4-d924-11eb-8906-1b740533ac73,19,Prime Video,b63cccb4-d924-11eb-8906-1b740533ac73,88
b63ccccd-d924-11eb-8906-1b740533ac73,9,DVD,b63cccc5-d924-11eb-8906-1b740533ac73,89
b63cccce-d924-11eb-8906-1b740533ac73,25,Blu-ray,b63cccc5-d924-11eb-8906-1b740533ac73,89
b63ccccf-d924-11eb-8906-1b740533ac73,16,4K,b63cccc5-d924-11eb-8906-1b740533ac73,89
b63cccd0-d924-11eb-8906-1b740533ac73,9,Prime Video,b63cccc5-d924-11eb-8906-1b740533ac73,89
b63cccd8-d924-11eb-8906-1b740533ac73,11,DVD,b63cccd1-d924-11eb-8906-1b740533ac73,90
b63cccd9-d924-11eb-8906-1b740533ac73,10,Blu-ray,b63cccd1-d924-11eb-8906-1b740533ac73,90
b63cccda-d924-11eb-8906-1b740533ac73,19,4K,b63cccd1-d924-11eb-8906-1b740533ac73,90
b63cccdb-d924-11eb-8906-1b740533ac73,19,Prime Video,b63cccd1-d924-11eb-8906-1b740533ac73,90
b63cccdf-d924-11eb-8906-1b740533ac73,8,DVD,b63cccdc-d924-11eb-8906-1b740533ac73,91
b63ccce0-d924-11eb-8906-1b740533ac73,42,Blu-ray,b63cccdc-d924-11eb-8906-1b740533ac73,91
b63ccce1-d924-11eb-8906-1b740533ac73,12,4K,b63cccdc-d924-11eb-8906-1b740533ac73,91
b63ccce2-d924-11eb-8906-1b740533ac73,26,Prime Video,b63cccdc-d924-11eb-8906-1b740533ac73,91
b63cf3b3-d924-11eb-8906-1b740533ac73,9,DVD,b63ccce3-d924-11eb-8906-1b740533ac73,92
b63cf3b4-d924-11eb-8906-1b740533ac73,41,Blu-ray,b63ccce3-d924-11eb-8906-1b740533ac73,92
b63cf3b5-d924-11eb-8906-1b740533ac73,42,4K,b63ccce3-d924-11eb-8906-1b740533ac73,92
b63cf3b6-d924-11eb-8906-1b740533ac73,41,Prime Video,b63ccce3-d924-11eb-8906-1b740533ac73,92
b63cf3bb-d924-11eb-8906-1b740533ac73,31,DVD,b63cf3b7-d924-11eb-8906-1b740533ac73,93
b63cf3bc-d924-11eb-8906-1b740533ac73,19,Blu-ray,b63cf3b7-d924-11eb-8906-1b740533ac73,93
b63cf3bd-d924-11eb-8906-1b740533ac73,35,4K,b63cf3b7-d924-11eb-8906-1b740533ac73,93
b63cf3be-d924-11eb-8906-1b740533ac73,41,Prime Video,b63cf3b7-d924-11eb-8906-1b740533ac73,93
b63cf3cf-d924-11eb-8906-1b740533ac73,41,DVD,b63cf3bf-d924-11eb-8906-1b740533ac73,94
b63cf3d0-d924-11eb-8906-1b740533ac73,5,Blu-ray,b63cf3bf-d924-11eb-8906-1b740533ac73,94
b63cf3d1-d924-11eb-8906-1b740533ac73,23,4K,b63cf3bf-d924-11eb-8906-1b740533ac73,94
b63cf3d2-d924-11eb-8906-1b740533ac73,28,Prime Video,b63cf3bf-d924-11eb-8906-1b740533ac73,94
b63cf3e5-d924-11eb-8906-1b740533ac73,41,DVD,b63cf3d3-d924-11eb-8906-1b740533ac73,95
b63cf3e6-d924-11eb-8906-1b740533ac73,17,Blu-ray,b63cf3d3-d924-11eb-8906-1b740533ac73,95
b63cf3e7-d924-11eb-8906-1b740533ac73,44,4K,b63cf3d3-d924-11eb-8906-1b740533ac73,95
b63cf3e8-d924-11eb-8906-1b740533ac73,27,Prime Video,b63cf3d3-d924-11eb-8906-1b740533ac73,95
b63cf3ea-d924-11eb-8906-1b740533ac73,35,DVD,b63cf3e9-d924-11eb-8906-1b740533ac73,96
b63cf3eb-d924-11eb-8906-1b740533ac73,7,Blu-ray,b63cf3e9-d924-11eb-8906-1b740533ac73,96
b63cf3ec-d924-11eb-8906-1b740533ac73,34,4K,b63cf3e9-d924-11eb-8906-1b740533ac73,96
b63cf3ed-d924-11eb-8906-1b740533ac73,8,Prime Video,b63cf3e9-d924-11eb-8906-1b740533ac73,96
b63cf3fb-d924-11eb-8906-1b740533ac73,12,DVD,b63cf3ee-d924-11eb-8906-1b740533ac73,97
b63cf3fc-d924-11eb-8906-1b740533ac73,11,Blu-ray,b63cf3ee-d924-11eb-8906-1b740533ac73,97
b63cf3fd-d924-11eb-8906-1b740533ac73,17,4K,b63cf3ee-d924-11eb-8906-1b740533ac73,97
b63cf3fe-d924-11eb-8906-1b740533ac73,40,Prime Video,b63cf3ee-d924-11eb-8906-1b740533ac73,97
b63d1ac3-d924-11eb-8906-1b740533ac73,5,DVD,b63cf3ff-d924-11eb-8906-1b740533ac73,98
b63d1ac4-d924-11eb-8906-1b740533ac73,17,Blu-ray,b63cf3ff-d924-11eb-8906-1b740533ac73,98
b63d1ac5-d924-11eb-8906-1b740533ac73,20,4K,b63cf3ff-d924-11eb-8906-1b740533ac73,98
b63d1ac6-d924-11eb-8906-1b740533ac73,31,Prime Video,b63cf3ff-d924-11eb-8906-1b740533ac73,98
b63d1adb-d924-11eb-8906-1b740533ac73,37,DVD,b63d1ac7-d924-11eb-8906-1b740533ac73,99
b63d1adc-d924-11eb-8906-1b740533ac73,42,Blu-ray,b63d1ac7-d924-11eb-8906-1b740533ac73,99
b63d1add-d924-11eb-8906-1b740533ac73,20,4K,b63d1ac7-d924-11eb-8906-1b740533ac73,99
b63d1ade-d924-11eb-8906-1b740533ac73,37,Prime Video,b63d1ac7-d924-11eb-8906-1b740533ac73,99
b63d1ae9-d924-11eb-8906-1b740533ac73,20,DVD,b63d1adf-d924-11eb-8906-1b740533ac73,100
b63d1aea-d924-11eb-8906-1b740533ac73,19,Blu-ray,b63d1adf-d924-11eb-8906-1b740533ac73,100
b63d1aeb-d924-11eb-8906-1b740533ac73,32,4K,b63d1adf-d924-11eb-8906-1b740533ac73,100
b63d1aec-d924-11eb-8906-1b740533ac73,42,Prime Video,b63d1adf-d924-11eb-8906-1b740533ac73,100